owner_package,owner_manifest,kind,target,alias,package,local_manifest,version,git,rev,optional
open-esp-radio-esp32s31-access-point,examples/esp32s31-access-point/Cargo.toml,dependencies,,edge-dhcp,edge-dhcp,,0.8.0,,,False
open-esp-radio-esp32s31-access-point,examples/esp32s31-access-point/Cargo.toml,dependencies,,embassy-net,embassy-net,,,https://github.com/ermacv/embassy.git,244b4a3b80cb2f8a02f17b698f0ef4614e5fc01d,False
open-esp-radio-esp32s31-access-point,examples/esp32s31-access-point/Cargo.toml,dependencies,,embassy-time,embassy-time,,0.5.1,,,False
open-esp-radio-esp32s31-access-point,examples/esp32s31-access-point/Cargo.toml,dependencies,,static_cell,static_cell,,2.1.1,,,False
open-esp-radio-esp32s31-access-point,examples/esp32s31-access-point/Cargo.toml,dependencies,"cfg(target_arch = ""riscv32"")",embassy-executor,embassy-executor,,0.10.0,,,False
open-esp-radio-esp32s31-access-point,examples/esp32s31-access-point/Cargo.toml,dependencies,"cfg(target_arch = ""riscv32"")",embassy-futures,embassy-futures,,0.1.2,,,False
open-esp-radio-esp32s31-access-point,examples/esp32s31-access-point/Cargo.toml,dependencies,"cfg(target_arch = ""riscv32"")",esp-backtrace,esp-backtrace,,,https://github.com/ermacv/esp-hal,81cd5c341f71f9d070b5d2b115d3ab2c7595a4df,False
open-esp-radio-esp32s31-access-point,examples/esp32s31-access-point/Cargo.toml,dependencies,"cfg(target_arch = ""riscv32"")",esp-bootloader-esp-idf,esp-bootloader-esp-idf,,,https://github.com/ermacv/esp-hal,81cd5c341f71f9d070b5d2b115d3ab2c7595a4df,False
open-esp-radio-esp32s31-access-point,examples/esp32s31-access-point/Cargo.toml,dependencies,"cfg(target_arch = ""riscv32"")",esp-hal,esp-hal,,,https://github.com/ermacv/esp-hal,81cd5c341f71f9d070b5d2b115d3ab2c7595a4df,False
open-esp-radio-esp32s31-access-point,examples/esp32s31-access-point/Cargo.toml,dependencies,"cfg(target_arch = ""riscv32"")",esp-println,esp-println,,,https://github.com/ermacv/esp-hal,81cd5c341f71f9d070b5d2b115d3ab2c7595a4df,False
open-esp-radio-esp32s31-access-point,examples/esp32s31-access-point/Cargo.toml,dependencies,"cfg(target_arch = ""riscv32"")",open-esp-radio,open-esp-radio,driver/radio/Cargo.toml,,,,False
open-esp-radio-esp32s31-access-point,examples/esp32s31-access-point/Cargo.toml,dependencies,"cfg(target_arch = ""riscv32"")",open-esp-radio-esp32s31-embassy-runtime,open-esp-radio-esp32s31-embassy-runtime,driver/adapters/embassy/esp32s31/runtime/Cargo.toml,,,,False
open-esp-radio-esp32s31-access-point,examples/esp32s31-access-point/Cargo.toml,dependencies,"cfg(target_arch = ""riscv32"")",open-esp-radio-esp32s31-phy,open-esp-radio-esp32s31-phy,driver/chips/esp32s31/phy/Cargo.toml,,,,False
open-esp-radio-esp32s31-access-point,examples/esp32s31-access-point/Cargo.toml,dependencies,"cfg(target_arch = ""riscv32"")",open-esp-radio-esp32s31-wifi-esp-hal,open-esp-radio-esp32s31-wifi-esp-hal,driver/adapters/esp-hal/esp32s31/ieee80211/Cargo.toml,,,,False
open-esp-radio-esp32s31-access-point,examples/esp32s31-access-point/Cargo.toml,dependencies,"cfg(target_arch = ""riscv32"")",open-esp-radio-esp32s31-embassy-wifi,open-esp-radio-esp32s31-embassy-wifi,driver/integration/esp32s31/embassy/ieee80211/Cargo.toml,,,,False
open-esp-radio-esp32s31-bluetooth-controller-example,examples/esp32s31-bluetooth-controller/Cargo.toml,dependencies,,embassy-time,embassy-time,,0.5.1,,,False
open-esp-radio-esp32s31-bluetooth-controller-example,examples/esp32s31-bluetooth-controller/Cargo.toml,dependencies,,static_cell,static_cell,,2.1.1,,,False
open-esp-radio-esp32s31-bluetooth-controller-example,examples/esp32s31-bluetooth-controller/Cargo.toml,dependencies,"cfg(target_arch = ""riscv32"")",bt-hci,bt-hci,,=0.10.1,,,False
open-esp-radio-esp32s31-bluetooth-controller-example,examples/esp32s31-bluetooth-controller/Cargo.toml,dependencies,"cfg(target_arch = ""riscv32"")",embassy-executor,embassy-executor,,0.10.0,,,False
open-esp-radio-esp32s31-bluetooth-controller-example,examples/esp32s31-bluetooth-controller/Cargo.toml,dependencies,"cfg(target_arch = ""riscv32"")",embassy-futures,embassy-futures,,0.1.2,,,False
open-esp-radio-esp32s31-bluetooth-controller-example,examples/esp32s31-bluetooth-controller/Cargo.toml,dependencies,"cfg(target_arch = ""riscv32"")",esp-backtrace,esp-backtrace,,,https://github.com/ermacv/esp-hal,81cd5c341f71f9d070b5d2b115d3ab2c7595a4df,False
open-esp-radio-esp32s31-bluetooth-controller-example,examples/esp32s31-bluetooth-controller/Cargo.toml,dependencies,"cfg(target_arch = ""riscv32"")",esp-bootloader-esp-idf,esp-bootloader-esp-idf,,,https://github.com/ermacv/esp-hal,81cd5c341f71f9d070b5d2b115d3ab2c7595a4df,False
open-esp-radio-esp32s31-bluetooth-controller-example,examples/esp32s31-bluetooth-controller/Cargo.toml,dependencies,"cfg(target_arch = ""riscv32"")",esp-hal,esp-hal,,,https://github.com/ermacv/esp-hal,81cd5c341f71f9d070b5d2b115d3ab2c7595a4df,False
open-esp-radio-esp32s31-bluetooth-controller-example,examples/esp32s31-bluetooth-controller/Cargo.toml,dependencies,"cfg(target_arch = ""riscv32"")",esp-println,esp-println,,,https://github.com/ermacv/esp-hal,81cd5c341f71f9d070b5d2b115d3ab2c7595a4df,False
open-esp-radio-esp32s31-bluetooth-controller-example,examples/esp32s31-bluetooth-controller/Cargo.toml,dependencies,"cfg(target_arch = ""riscv32"")",open-esp-radio-esp32s31-bluetooth,open-esp-radio-esp32s31-bluetooth,driver/chips/esp32s31/bluetooth/Cargo.toml,,,,False
open-esp-radio-esp32s31-bluetooth-controller-example,examples/esp32s31-bluetooth-controller/Cargo.toml,dependencies,"cfg(target_arch = ""riscv32"")",open-esp-radio-esp32s31-bluetooth-embassy,open-esp-radio-esp32s31-bluetooth-embassy,driver/runtime/embassy/esp32s31/bluetooth/Cargo.toml,,,,False
open-esp-radio-esp32s31-bluetooth-controller-example,examples/esp32s31-bluetooth-controller/Cargo.toml,dependencies,"cfg(target_arch = ""riscv32"")",open-esp-radio-esp32s31-bluetooth-integration,open-esp-radio-esp32s31-bluetooth-integration,driver/integration/esp32s31/embassy/bluetooth/Cargo.toml,,,,False
open-esp-radio-esp32s31-bluetooth-controller-example,examples/esp32s31-bluetooth-controller/Cargo.toml,dependencies,"cfg(target_arch = ""riscv32"")",open-esp-radio-esp32s31-bluetooth-memory,open-esp-radio-esp32s31-bluetooth-memory,driver/chips/esp32s31/bluetooth/memory/Cargo.toml,,,,False
open-esp-radio-esp32s31-bluetooth-controller-example,examples/esp32s31-bluetooth-controller/Cargo.toml,dependencies,"cfg(target_arch = ""riscv32"")",open-esp-radio-esp32s31-embassy-runtime,open-esp-radio-esp32s31-embassy-runtime,driver/adapters/embassy/esp32s31/runtime/Cargo.toml,,,,False
open-esp-radio-esp32s31-bluetooth-controller-example,examples/esp32s31-bluetooth-controller/Cargo.toml,dependencies,"cfg(target_arch = ""riscv32"")",open-esp-radio-esp32s31-radio-platform-esp-hal,open-esp-radio-esp32s31-radio-platform-esp-hal,driver/adapters/esp-hal/esp32s31/radio/Cargo.toml,,,,False
open-esp-radio-esp32s31-monitor,examples/esp32s31-monitor/Cargo.toml,dependencies,,embassy-executor,embassy-executor,,0.10.0,,,False
open-esp-radio-esp32s31-monitor,examples/esp32s31-monitor/Cargo.toml,dependencies,,embassy-futures,embassy-futures,,0.1.2,,,False
open-esp-radio-esp32s31-monitor,examples/esp32s31-monitor/Cargo.toml,dependencies,,esp-backtrace,esp-backtrace,,,https://github.com/ermacv/esp-hal,81cd5c341f71f9d070b5d2b115d3ab2c7595a4df,False
open-esp-radio-esp32s31-monitor,examples/esp32s31-monitor/Cargo.toml,dependencies,,esp-bootloader-esp-idf,esp-bootloader-esp-idf,,,https://github.com/ermacv/esp-hal,81cd5c341f71f9d070b5d2b115d3ab2c7595a4df,False
open-esp-radio-esp32s31-monitor,examples/esp32s31-monitor/Cargo.toml,dependencies,,esp-hal,esp-hal,,,https://github.com/ermacv/esp-hal,81cd5c341f71f9d070b5d2b115d3ab2c7595a4df,False
open-esp-radio-esp32s31-monitor,examples/esp32s31-monitor/Cargo.toml,dependencies,,esp-println,esp-println,,,https://github.com/ermacv/esp-hal,81cd5c341f71f9d070b5d2b115d3ab2c7595a4df,False
open-esp-radio-esp32s31-monitor,examples/esp32s31-monitor/Cargo.toml,dependencies,,open-esp-radio,open-esp-radio,driver/radio/Cargo.toml,,,,False
open-esp-radio-esp32s31-monitor,examples/esp32s31-monitor/Cargo.toml,dependencies,,open-esp-radio-esp32s31-embassy-runtime,open-esp-radio-esp32s31-embassy-runtime,driver/adapters/embassy/esp32s31/runtime/Cargo.toml,,,,False
open-esp-radio-esp32s31-monitor,examples/esp32s31-monitor/Cargo.toml,dependencies,,open-esp-radio-esp32s31-phy,open-esp-radio-esp32s31-phy,driver/chips/esp32s31/phy/Cargo.toml,,,,False
open-esp-radio-esp32s31-monitor,examples/esp32s31-monitor/Cargo.toml,dependencies,,open-esp-radio-esp32s31-wifi-esp-hal,open-esp-radio-esp32s31-wifi-esp-hal,driver/adapters/esp-hal/esp32s31/ieee80211/Cargo.toml,,,,False
open-esp-radio-esp32s31-monitor,examples/esp32s31-monitor/Cargo.toml,dependencies,,open-esp-radio-esp32s31-embassy-wifi,open-esp-radio-esp32s31-embassy-wifi,driver/integration/esp32s31/embassy/ieee80211/Cargo.toml,,,,False
open-esp-radio-esp32s31-monitor,examples/esp32s31-monitor/Cargo.toml,dependencies,,static_cell,static_cell,,2.1.1,,,False
open-esp-radio-esp32s31-station,examples/esp32s31-station/Cargo.toml,dependencies,,embassy-executor,embassy-executor,,0.10.0,,,False
open-esp-radio-esp32s31-station,examples/esp32s31-station/Cargo.toml,dependencies,,embassy-futures,embassy-futures,,0.1.2,,,False
open-esp-radio-esp32s31-station,examples/esp32s31-station/Cargo.toml,dependencies,,embassy-net-owned,embassy-net,,,https://github.com/ermacv/embassy.git,244b4a3b80cb2f8a02f17b698f0ef4614e5fc01d,True
open-esp-radio-esp32s31-station,examples/esp32s31-station/Cargo.toml,dependencies,,embassy-net-compat,embassy-net,,0.9.1,,,True
open-esp-radio-esp32s31-station,examples/esp32s31-station/Cargo.toml,dependencies,,esp-backtrace,esp-backtrace,,,https://github.com/ermacv/esp-hal,81cd5c341f71f9d070b5d2b115d3ab2c7595a4df,False
open-esp-radio-esp32s31-station,examples/esp32s31-station/Cargo.toml,dependencies,,esp-bootloader-esp-idf,esp-bootloader-esp-idf,,,https://github.com/ermacv/esp-hal,81cd5c341f71f9d070b5d2b115d3ab2c7595a4df,False
open-esp-radio-esp32s31-station,examples/esp32s31-station/Cargo.toml,dependencies,,esp-hal,esp-hal,,,https://github.com/ermacv/esp-hal,81cd5c341f71f9d070b5d2b115d3ab2c7595a4df,False
open-esp-radio-esp32s31-station,examples/esp32s31-station/Cargo.toml,dependencies,,esp-println,esp-println,,,https://github.com/ermacv/esp-hal,81cd5c341f71f9d070b5d2b115d3ab2c7595a4df,False
open-esp-radio-esp32s31-station,examples/esp32s31-station/Cargo.toml,dependencies,,open-esp-radio,open-esp-radio,driver/radio/Cargo.toml,,,,False
open-esp-radio-esp32s31-station,examples/esp32s31-station/Cargo.toml,dependencies,,open-esp-radio-esp32s31-embassy-runtime,open-esp-radio-esp32s31-embassy-runtime,driver/adapters/embassy/esp32s31/runtime/Cargo.toml,,,,False
open-esp-radio-esp32s31-station,examples/esp32s31-station/Cargo.toml,dependencies,,open-esp-radio-esp32s31-phy,open-esp-radio-esp32s31-phy,driver/chips/esp32s31/phy/Cargo.toml,,,,False
open-esp-radio-esp32s31-station,examples/esp32s31-station/Cargo.toml,dependencies,,open-esp-radio-esp32s31-wifi-esp-hal,open-esp-radio-esp32s31-wifi-esp-hal,driver/adapters/esp-hal/esp32s31/ieee80211/Cargo.toml,,,,False
open-esp-radio-esp32s31-station,examples/esp32s31-station/Cargo.toml,dependencies,,open-esp-radio-esp32s31-embassy-wifi,open-esp-radio-esp32s31-embassy-wifi,driver/integration/esp32s31/embassy/ieee80211/Cargo.toml,,,,False
open-esp-radio-esp32s31-station,examples/esp32s31-station/Cargo.toml,dependencies,,static_cell,static_cell,,2.1.1,,,False
open-esp-radio-hil-runner,hil/host/runner/Cargo.toml,dependencies,,clap,clap,,4.5,,,False
open-esp-radio-hil-runner,hil/host/runner/Cargo.toml,dependencies,,fs2,fs2,,0.4,,,False
open-esp-radio-hil-runner,hil/host/runner/Cargo.toml,dependencies,,libc,libc,,0.2,,,False
open-esp-radio-hil-runner,hil/host/runner/Cargo.toml,dependencies,,open-esp-radio-hil-protocol,open-esp-radio-hil-protocol,hil/protocol/Cargo.toml,,,,False
open-esp-radio-hil-runner,hil/host/runner/Cargo.toml,dependencies,,open-esp-radio-ieee80211,open-esp-radio-ieee80211,driver/ieee80211/mac/Cargo.toml,,,,False
open-esp-radio-hil-runner,hil/host/runner/Cargo.toml,dependencies,,open-esp-radio-memory-report,open-esp-radio-memory-report,tools/memory-report/Cargo.toml,,,,False
open-esp-radio-hil-runner,hil/host/runner/Cargo.toml,dependencies,,serialport,serialport,,4.8.1,,,False
open-esp-radio-hil-runner,hil/host/runner/Cargo.toml,dependencies,,serde,serde,,1.0,,,False
open-esp-radio-hil-runner,hil/host/runner/Cargo.toml,dependencies,,serde_json,serde_json,,1.0,,,False
open-esp-radio-hil-runner,hil/host/runner/Cargo.toml,dependencies,,sha2,sha2,,0.10,,,False
open-esp-radio-hil-runner,hil/host/runner/Cargo.toml,dependencies,,toml,toml,,1.1,,,False
open-esp-radio-hil-runner,hil/host/runner/Cargo.toml,dependencies,,zeroize,zeroize,,1.8.1,,,False
open-esp-radio-hil-runner,hil/host/runner/Cargo.toml,dev-dependencies,,roxmltree,roxmltree,,0.20,,,False
open-esp-radio-hil-protocol,hil/protocol/Cargo.toml,dependencies,,cobs,cobs,,0.3.0,,,False
open-esp-radio-hil-protocol,hil/protocol/Cargo.toml,dependencies,,crc,crc,,3.3.0,,,False
open-esp-radio-hil-protocol,hil/protocol/Cargo.toml,dependencies,,heapless,heapless,,0.9.3,,,False
open-esp-radio-hil-protocol,hil/protocol/Cargo.toml,dependencies,,postcard,postcard,,1.1.3,,,False
open-esp-radio-hil-protocol,hil/protocol/Cargo.toml,dependencies,,serde,serde,,1.0.219,,,False
open-esp-radio-hil-protocol,hil/protocol/Cargo.toml,dependencies,,zeroize,zeroize,,1.8.1,,,False
open-esp-radio-hil-esp32s31-board,hil/targets/esp32s31/board/Cargo.toml,dependencies,,esp-hal,esp-hal,,,,,False
open-esp-radio-hil-esp32s31-bootstrap,hil/targets/esp32s31/bootstrap/Cargo.toml,dependencies,,esp-bootloader-esp-idf,esp-bootloader-esp-idf,,,,,False
open-esp-radio-hil-esp32s31-bootstrap,hil/targets/esp32s31/bootstrap/Cargo.toml,dependencies,,esp-hal,esp-hal,,,,,False
open-esp-radio-hil-esp32s31-bootstrap,hil/targets/esp32s31/bootstrap/Cargo.toml,dependencies,,open-esp-radio-hil-esp32s31-board,open-esp-radio-hil-esp32s31-board,hil/targets/esp32s31/board/Cargo.toml,,,,False
open-esp-radio-hil-esp32s31-bootstrap,hil/targets/esp32s31/bootstrap/Cargo.toml,dependencies,,open-esp-radio-esp32s31-platform-pac,open-esp-radio-esp32s31-platform-pac,,,,,False
open-esp-radio-hil-esp32s31-bootstrap,hil/targets/esp32s31/bootstrap/Cargo.toml,dependencies,,static_cell,static_cell,,,,,False
open-esp-radio-hil-esp32s31-runtime,hil/targets/esp32s31/runtime/Cargo.toml,dependencies,,embassy-executor,embassy-executor,,,,,False
open-esp-radio-hil-esp32s31-runtime,hil/targets/esp32s31/runtime/Cargo.toml,dependencies,,embassy-futures,embassy-futures,,,,,True
open-esp-radio-hil-esp32s31-runtime,hil/targets/esp32s31/runtime/Cargo.toml,dependencies,,embassy-net,embassy-net,,,,,True
open-esp-radio-hil-esp32s31-runtime,hil/targets/esp32s31/runtime/Cargo.toml,dependencies,,embassy-sync,embassy-sync,,,,,True
open-esp-radio-hil-esp32s31-runtime,hil/targets/esp32s31/runtime/Cargo.toml,dependencies,,embassy-time,embassy-time,,,,,False
open-esp-radio-hil-esp32s31-runtime,hil/targets/esp32s31/runtime/Cargo.toml,dependencies,,embedded-io-async,embedded-io-async,,,,,True
open-esp-radio-hil-esp32s31-runtime,hil/targets/esp32s31/runtime/Cargo.toml,dependencies,,esp-hal,esp-hal,,,,,False
open-esp-radio-hil-esp32s31-runtime,hil/targets/esp32s31/runtime/Cargo.toml,dependencies,,log,log,,,,,True
open-esp-radio-hil-esp32s31-runtime,hil/targets/esp32s31/runtime/Cargo.toml,dependencies,,heapless,heapless,,,,,True
open-esp-radio-hil-esp32s31-runtime,hil/targets/esp32s31/runtime/Cargo.toml,dependencies,,open-esp-radio,open-esp-radio,,,,,True
open-esp-radio-hil-esp32s31-runtime,hil/targets/esp32s31/runtime/Cargo.toml,dependencies,,open-esp-radio-embassy-net,open-esp-radio-embassy-net,,,,,True
open-esp-radio-hil-esp32s31-runtime,hil/targets/esp32s31/runtime/Cargo.toml,dependencies,,open-esp-radio-esp32s31-embassy-wifi,open-esp-radio-esp32s31-embassy-wifi,,,,,True
open-esp-radio-hil-esp32s31-runtime,hil/targets/esp32s31/runtime/Cargo.toml,dependencies,,open-esp-radio-esp32s31-hal,open-esp-radio-esp32s31-hal,,,,,True
open-esp-radio-hil-esp32s31-runtime,hil/targets/esp32s31/runtime/Cargo.toml,dependencies,,open-esp-radio-esp32s31-phy,open-esp-radio-esp32s31-phy,,,,,True
open-esp-radio-hil-esp32s31-runtime,hil/targets/esp32s31/runtime/Cargo.toml,dependencies,,open-esp-radio-esp32s31-platform-pac,open-esp-radio-esp32s31-platform-pac,,,,,False
open-esp-radio-hil-esp32s31-runtime,hil/targets/esp32s31/runtime/Cargo.toml,dependencies,,open-esp-radio-esp32s31-embassy-runtime,open-esp-radio-esp32s31-embassy-runtime,,,,,False
open-esp-radio-hil-esp32s31-runtime,hil/targets/esp32s31/runtime/Cargo.toml,dependencies,,open-esp-radio-esp32s31-wifi-esp-hal,open-esp-radio-esp32s31-wifi-esp-hal,,,,,True
open-esp-radio-hil-esp32s31-runtime,hil/targets/esp32s31/runtime/Cargo.toml,dependencies,,open-esp-radio-hil-protocol,open-esp-radio-hil-protocol,,,,,True
open-esp-radio-hil-esp32s31-runtime,hil/targets/esp32s31/runtime/Cargo.toml,dependencies,,open-esp-radio-hil-esp32s31-board,open-esp-radio-hil-esp32s31-board,hil/targets/esp32s31/board/Cargo.toml,,,,False
open-esp-radio-hil-esp32s31-runtime,hil/targets/esp32s31/runtime/Cargo.toml,dependencies,,open-esp-radio-hil-esp32s31-telemetry,open-esp-radio-hil-esp32s31-telemetry,,,,,True
open-esp-radio-hil-esp32s31-runtime,hil/targets/esp32s31/runtime/Cargo.toml,dependencies,,open-esp-radio-wifi-embassy,open-esp-radio-wifi-embassy,,,,,True
open-esp-radio-hil-esp32s31-runtime,hil/targets/esp32s31/runtime/Cargo.toml,dependencies,,postcard,postcard,,,,,True
open-esp-radio-hil-esp32s31-runtime,hil/targets/esp32s31/runtime/Cargo.toml,dependencies,,serde,serde,,,,,True
open-esp-radio-hil-esp32s31-runtime,hil/targets/esp32s31/runtime/Cargo.toml,dependencies,,static_cell,static_cell,,,,,False
open-esp-radio-hil-esp32s31-telemetry,hil/targets/esp32s31/telemetry/Cargo.toml,dependencies,,open-esp-radio-esp32s31-wifi-mac,open-esp-radio-esp32s31-wifi-mac,driver/chips/esp32s31/ieee80211/mac/Cargo.toml,,,,False
open-esp-radio-hil-esp32s31-telemetry,hil/targets/esp32s31/telemetry/Cargo.toml,dependencies,,open-esp-radio-esp32s31-wifi-embassy,open-esp-radio-esp32s31-wifi-embassy,driver/runtime/embassy/esp32s31/ieee80211/Cargo.toml,,,,False
open-esp-radio-hil-esp32s31-telemetry,hil/targets/esp32s31/telemetry/Cargo.toml,dependencies,,open-esp-radio-hil-protocol,open-esp-radio-hil-protocol,hil/protocol/Cargo.toml,,,,False
blobray,tools/blobray/Cargo.toml,dependencies,,cargo_metadata,cargo_metadata,,=0.23.1,,,False
blobray,tools/blobray/Cargo.toml,dependencies,,clap,clap,,=4.5.48,,,False
blobray,tools/blobray/Cargo.toml,dependencies,,clap_complete,clap_complete,,=4.5.58,,,False
blobray,tools/blobray/Cargo.toml,dependencies,,clap_mangen,clap_mangen,,=0.2.30,,,False
blobray,tools/blobray/Cargo.toml,dependencies,,crossterm,crossterm,,=0.29.0,,,False
blobray,tools/blobray/Cargo.toml,dependencies,,flate2,flate2,,=1.1.9,,,False
blobray,tools/blobray/Cargo.toml,dependencies,,indicatif,indicatif,,=0.18.6,,,False
blobray,tools/blobray/Cargo.toml,dependencies,,miette,miette,,=7.6.0,,,False
blobray,tools/blobray/Cargo.toml,dependencies,,open-radio-vendor-backend-riscv,open-radio-vendor-backend-riscv,tools/blobray/crates/backend-riscv/Cargo.toml,,,,False
blobray,tools/blobray/Cargo.toml,dependencies,,open-radio-vendor-execution-model,open-radio-vendor-execution-model,tools/blobray/crates/execution-model/Cargo.toml,,,,False
blobray,tools/blobray/Cargo.toml,dependencies,,open-esp-radio-register-model,open-esp-radio-register-model,tools/blobray/crates/register-model/Cargo.toml,,,,False
blobray,tools/blobray/Cargo.toml,dependencies,,open-radio-vendor-analysis-model,open-radio-vendor-analysis-model,tools/blobray/crates/analysis-model/Cargo.toml,,,,False
blobray,tools/blobray/Cargo.toml,dependencies,,open-radio-vendor-contracts,open-radio-vendor-contracts,tools/blobray/crates/contracts/Cargo.toml,,,,False
blobray,tools/blobray/Cargo.toml,dependencies,,open-radio-vendor-review,open-radio-vendor-review,tools/blobray/crates/review-model/Cargo.toml,,,,False
blobray,tools/blobray/Cargo.toml,dependencies,,open-radio-vendor-semantics,open-radio-vendor-semantics,tools/blobray/crates/semantics/Cargo.toml,,,,False
blobray,tools/blobray/Cargo.toml,dependencies,,petgraph,petgraph,,=0.8.3,,,False
blobray,tools/blobray/Cargo.toml,dependencies,,ratatui,ratatui,,=0.30.2,,,False
blobray,tools/blobray/Cargo.toml,dependencies,,rusqlite,rusqlite,,=0.40.2,,,False
blobray,tools/blobray/Cargo.toml,dependencies,,sha2,sha2,,=0.10.9,,,False
blobray,tools/blobray/Cargo.toml,dependencies,,serde,serde,,=1.0.229,,,False
blobray,tools/blobray/Cargo.toml,dependencies,,serde_json,serde_json,,=1.0.151,,,False
blobray,tools/blobray/Cargo.toml,dependencies,,serde_stacker,serde_stacker,,=0.1.14,,,False
blobray,tools/blobray/Cargo.toml,dependencies,,svd-parser,svd-parser,,=0.14.9,,,False
blobray,tools/blobray/Cargo.toml,dependencies,,svd-rs,svd-rs,,=0.14.12,,,False
blobray,tools/blobray/Cargo.toml,dependencies,,svd2rust,svd2rust,,=0.37.1,,,False
blobray,tools/blobray/Cargo.toml,dependencies,,syn,syn,,=2.0.119,,,False
blobray,tools/blobray/Cargo.toml,dependencies,,tabled,tabled,,=0.21.0,,,False
blobray,tools/blobray/Cargo.toml,dependencies,,toml_edit,toml_edit,,=0.25.13,,,False
blobray,tools/blobray/Cargo.toml,dependencies,,thiserror,thiserror,,=2.0.19,,,False
blobray,tools/blobray/Cargo.toml,dependencies,,tracing,tracing,,=0.1.44,,,False
blobray,tools/blobray/Cargo.toml,dependencies,,tracing-indicatif,tracing-indicatif,,=0.3.14,,,False
blobray,tools/blobray/Cargo.toml,dependencies,,tracing-subscriber,tracing-subscriber,,=0.3.23,,,False
blobray,tools/blobray/Cargo.toml,dependencies,"cfg(all(target_os = ""linux"", target_env = ""gnu""))",libc,libc,,=0.2.189,,,False
blobray,tools/blobray/Cargo.toml,dependencies,"cfg(target_os = ""linux"")",nix,nix,,=0.26.4,,,False
open-radio-vendor-addon-c,tools/blobray/addons/c/Cargo.toml,dependencies,,open-radio-vendor-analysis-model,open-radio-vendor-analysis-model,tools/blobray/crates/analysis-model/Cargo.toml,,,,False
open-radio-vendor-addon-c,tools/blobray/addons/c/Cargo.toml,dependencies,,open-radio-vendor-backend-riscv,open-radio-vendor-backend-riscv,tools/blobray/crates/backend-riscv/Cargo.toml,,,,False
open-radio-vendor-addon-esp-idf,tools/blobray/addons/esp-idf/Cargo.toml,dependencies,,open-radio-vendor-analysis-model,open-radio-vendor-analysis-model,tools/blobray/crates/analysis-model/Cargo.toml,,,,False
open-radio-vendor-addon-esp-idf,tools/blobray/addons/esp-idf/Cargo.toml,dependencies,,open-radio-vendor-backend-riscv,open-radio-vendor-backend-riscv,tools/blobray/crates/backend-riscv/Cargo.toml,,,,False
open-radio-vendor-analysis-model,tools/blobray/crates/analysis-model/Cargo.toml,dependencies,,open-radio-vendor-contracts,open-radio-vendor-contracts,tools/blobray/crates/contracts/Cargo.toml,,,,False
open-radio-vendor-analysis-model,tools/blobray/crates/analysis-model/Cargo.toml,dependencies,,roxmltree,roxmltree,,=0.20.0,,,False
open-radio-vendor-analysis-model,tools/blobray/crates/analysis-model/Cargo.toml,dependencies,,thiserror,thiserror,,=2.0.19,,,False
open-radio-vendor-backend-riscv,tools/blobray/crates/backend-riscv/Cargo.toml,dependencies,,addr2line,addr2line,,=0.27.1,,,False
open-radio-vendor-backend-riscv,tools/blobray/crates/backend-riscv/Cargo.toml,dependencies,,object,object,,=0.39.1,,,False
open-radio-vendor-backend-riscv,tools/blobray/crates/backend-riscv/Cargo.toml,dependencies,,open-radio-vendor-analysis-model,open-radio-vendor-analysis-model,tools/blobray/crates/analysis-model/Cargo.toml,,,,False
open-radio-vendor-backend-riscv,tools/blobray/crates/backend-riscv/Cargo.toml,dependencies,,open-radio-vendor-execution-model,open-radio-vendor-execution-model,tools/blobray/crates/execution-model/Cargo.toml,,,,False
open-radio-vendor-backend-riscv,tools/blobray/crates/backend-riscv/Cargo.toml,dependencies,,rv-asm,rv-asm,,=0.2.1,,,False
open-radio-vendor-backend-riscv,tools/blobray/crates/backend-riscv/Cargo.toml,dependencies,,rustc-demangle,rustc-demangle,,=0.1.28,,,False
open-radio-vendor-backend-riscv,tools/blobray/crates/backend-riscv/Cargo.toml,dependencies,,serde,serde,,=1.0.229,,,False
open-radio-vendor-backend-riscv,tools/blobray/crates/backend-riscv/Cargo.toml,dependencies,,thiserror,thiserror,,=2.0.19,,,False
open-radio-vendor-backend-riscv,tools/blobray/crates/backend-riscv/Cargo.toml,dependencies,,tracing,tracing,,=0.1.44,,,False
open-radio-vendor-backend-riscv,tools/blobray/crates/backend-riscv/Cargo.toml,dev-dependencies,,object,object,,=0.39.1,,,False
open-radio-vendor-backend-riscv,tools/blobray/crates/backend-riscv/Cargo.toml,dev-dependencies,,proptest,proptest,,=1.11.0,,,False
open-radio-vendor-backend-riscv,tools/blobray/crates/backend-riscv/Cargo.toml,dev-dependencies,,serde_json,serde_json,,=1.0.151,,,False
open-radio-vendor-contracts,tools/blobray/crates/contracts/Cargo.toml,dependencies,,serde,serde,,=1.0.229,,,False
open-radio-vendor-contracts,tools/blobray/crates/contracts/Cargo.toml,dependencies,,sha2,sha2,,=0.10.9,,,False
open-radio-vendor-contracts,tools/blobray/crates/contracts/Cargo.toml,dev-dependencies,,serde_json,serde_json,,=1.0.151,,,False
open-radio-vendor-execution-model,tools/blobray/crates/execution-model/Cargo.toml,dependencies,,serde,serde,,=1.0.229,,,False
open-radio-vendor-execution-model,tools/blobray/crates/execution-model/Cargo.toml,dependencies,,thiserror,thiserror,,=2.0.19,,,False
open-esp-radio-register-model,tools/blobray/crates/register-model/Cargo.toml,dependencies,,open-radio-vendor-contracts,open-radio-vendor-contracts,tools/blobray/crates/contracts/Cargo.toml,,,,False
open-esp-radio-register-model,tools/blobray/crates/register-model/Cargo.toml,dependencies,,open-radio-vendor-review,open-radio-vendor-review,tools/blobray/crates/review-model/Cargo.toml,,,,False
open-esp-radio-register-model,tools/blobray/crates/register-model/Cargo.toml,dependencies,,serde,serde,,=1.0.229,,,False
open-esp-radio-register-model,tools/blobray/crates/register-model/Cargo.toml,dependencies,,svd-encoder,svd-encoder,,=0.14.7,,,False
open-esp-radio-register-model,tools/blobray/crates/register-model/Cargo.toml,dependencies,,svd-parser,svd-parser,,=0.14.9,,,False
open-esp-radio-register-model,tools/blobray/crates/register-model/Cargo.toml,dependencies,,svd-rs,svd-rs,,=0.14.12,,,False
open-esp-radio-register-model,tools/blobray/crates/register-model/Cargo.toml,dependencies,,toml_edit,toml_edit,,=0.25.13,,,False
open-esp-radio-register-model,tools/blobray/crates/register-model/Cargo.toml,dependencies,,thiserror,thiserror,,=2.0.19,,,False
open-radio-vendor-review,tools/blobray/crates/review-model/Cargo.toml,dependencies,,open-radio-vendor-contracts,open-radio-vendor-contracts,tools/blobray/crates/contracts/Cargo.toml,,,,False
open-radio-vendor-review,tools/blobray/crates/review-model/Cargo.toml,dependencies,,serde,serde,,=1.0.229,,,False
open-radio-vendor-review,tools/blobray/crates/review-model/Cargo.toml,dependencies,,serde_json,serde_json,,=1.0.151,,,False
open-radio-vendor-review,tools/blobray/crates/review-model/Cargo.toml,dependencies,,sha2,sha2,,=0.10.9,,,False
open-radio-vendor-review,tools/blobray/crates/review-model/Cargo.toml,dependencies,,toml_edit,toml_edit,,=0.25.13,,,False
open-radio-vendor-review,tools/blobray/crates/review-model/Cargo.toml,dependencies,,thiserror,thiserror,,=2.0.19,,,False
open-radio-vendor-semantics,tools/blobray/crates/semantics/Cargo.toml,dependencies,,open-radio-vendor-analysis-model,open-radio-vendor-analysis-model,tools/blobray/crates/analysis-model/Cargo.toml,,,,False
open-radio-vendor-semantics,tools/blobray/crates/semantics/Cargo.toml,dependencies,,serde,serde,,=1.0.229,,,False
open-radio-vendor-semantics,tools/blobray/crates/semantics/Cargo.toml,dependencies,,toml_edit,toml_edit,,=0.25.13,,,False
open-radio-vendor-semantics,tools/blobray/crates/semantics/Cargo.toml,dependencies,,thiserror,thiserror,,=2.0.19,,,False
open-esp-radio-memory-report,tools/memory-report/Cargo.toml,dependencies,,addr2line,addr2line,,=0.27.1,,,False
open-esp-radio-memory-report,tools/memory-report/Cargo.toml,dependencies,,clap,clap,,=4.5.48,,,False
open-esp-radio-memory-report,tools/memory-report/Cargo.toml,dependencies,,object,object,,=0.39.1,,,False
open-esp-radio-memory-report,tools/memory-report/Cargo.toml,dependencies,,rustc-demangle,rustc-demangle,,=0.1.28,,,False
open-esp-radio-memory-report,tools/memory-report/Cargo.toml,dependencies,,serde,serde,,=1.0.229,,,False
open-esp-radio-memory-report,tools/memory-report/Cargo.toml,dependencies,,serde_json,serde_json,,=1.0.151,,,False
open-esp-radio-memory-report,tools/memory-report/Cargo.toml,dependencies,,thiserror,thiserror,,=2.0.19,,,False
open-esp-radio-memory-report,tools/memory-report/Cargo.toml,dependencies,,toml_edit,toml_edit,,=0.25.13,,,False
open-esp-radio-memory-report,tools/memory-report/Cargo.toml,dev-dependencies,,object,object,,=0.39.1,,,False
open-esp-radio-qualification-check,tools/qualification-check/Cargo.toml,dependencies,,serde,serde,,=1.0.229,,,False
open-esp-radio-qualification-check,tools/qualification-check/Cargo.toml,dependencies,,serde_json,serde_json,,=1.0.151,,,False
open-esp-radio-qualification-check,tools/qualification-check/Cargo.toml,dependencies,,sha2,sha2,,=0.10.9,,,False
open-esp-radio-qualification-check,tools/qualification-check/Cargo.toml,dependencies,,toml_edit,toml_edit,,=0.25.13,,,False
open-radio-vendor-chip-contracts-esp32s31-rev0,verification/vendor/chips/esp32s31/blobray-provider/contracts/Cargo.toml,dependencies,,open-radio-vendor-contracts,open-radio-vendor-contracts,tools/blobray/crates/contracts/Cargo.toml,,,,False
open-radio-vendor-chip-knowledge-esp32s31-rev0,verification/vendor/chips/esp32s31/blobray-provider/knowledge/Cargo.toml,dependencies,,open-radio-vendor-backend-riscv,open-radio-vendor-backend-riscv,tools/blobray/crates/backend-riscv/Cargo.toml,,,,False
open-radio-vendor-chip-knowledge-esp32s31-rev0,verification/vendor/chips/esp32s31/blobray-provider/knowledge/Cargo.toml,dependencies,,open-radio-vendor-chip-contracts-esp32s31-rev0,open-radio-vendor-chip-contracts-esp32s31-rev0,verification/vendor/chips/esp32s31/blobray-provider/contracts/Cargo.toml,,,,False
open-radio-vendor-chip-knowledge-esp32s31-rev0,verification/vendor/chips/esp32s31/blobray-provider/knowledge/Cargo.toml,dependencies,,open-radio-vendor-semantics,open-radio-vendor-semantics,tools/blobray/crates/semantics/Cargo.toml,,,,False
open-radio-vendor-chip-models-esp32s31-rev0,verification/vendor/chips/esp32s31/blobray-provider/models/Cargo.toml,dependencies,,open-radio-vendor-chip-knowledge-esp32s31-rev0,open-radio-vendor-chip-knowledge-esp32s31-rev0,verification/vendor/chips/esp32s31/blobray-provider/knowledge/Cargo.toml,,,,False
open-radio-vendor-chip-models-esp32s31-rev0,verification/vendor/chips/esp32s31/blobray-provider/models/Cargo.toml,dependencies,,open-radio-vendor-addon-c,open-radio-vendor-addon-c,tools/blobray/addons/c/Cargo.toml,,,,False
open-radio-vendor-chip-models-esp32s31-rev0,verification/vendor/chips/esp32s31/blobray-provider/models/Cargo.toml,dependencies,,open-radio-vendor-addon-esp-idf,open-radio-vendor-addon-esp-idf,tools/blobray/addons/esp-idf/Cargo.toml,,,,False
open-radio-vendor-chip-models-esp32s31-rev0,verification/vendor/chips/esp32s31/blobray-provider/models/Cargo.toml,dependencies,,open-radio-vendor-backend-riscv,open-radio-vendor-backend-riscv,tools/blobray/crates/backend-riscv/Cargo.toml,,,,False
open-radio-vendor-chip-models-esp32s31-rev0,verification/vendor/chips/esp32s31/blobray-provider/models/Cargo.toml,dependencies,,open-radio-vendor-chip-contracts-esp32s31-rev0,open-radio-vendor-chip-contracts-esp32s31-rev0,verification/vendor/chips/esp32s31/blobray-provider/contracts/Cargo.toml,,,,False
open-radio-vendor-chip-models-esp32s31-rev0,verification/vendor/chips/esp32s31/blobray-provider/models/Cargo.toml,dependencies,,open-radio-vendor-semantics,open-radio-vendor-semantics,tools/blobray/crates/semantics/Cargo.toml,,,,False
blobray-esp32s31,verification/vendor/targets/esp32s31/blobray-host/Cargo.toml,dependencies,,blobray,blobray,tools/blobray/Cargo.toml,,,,False
blobray-esp32s31,verification/vendor/targets/esp32s31/blobray-host/Cargo.toml,dependencies,,open-radio-vendor-chip-knowledge-esp32s31-rev0,open-radio-vendor-chip-knowledge-esp32s31-rev0,verification/vendor/chips/esp32s31/blobray-provider/knowledge/Cargo.toml,,,,False
blobray-esp32s31,verification/vendor/targets/esp32s31/blobray-host/Cargo.toml,dependencies,,open-radio-vendor-chip-models-esp32s31-rev0,open-radio-vendor-chip-models-esp32s31-rev0,verification/vendor/chips/esp32s31/blobray-provider/models/Cargo.toml,,,,False
blobray-esp32s31,verification/vendor/targets/esp32s31/blobray-host/Cargo.toml,dependencies,,open-radio-vendor-knowledge-esp32s31,open-radio-vendor-knowledge-esp32s31,verification/vendor/targets/esp32s31/blobray-provider/knowledge/Cargo.toml,,,,False
blobray-esp32s31,verification/vendor/targets/esp32s31/blobray-host/Cargo.toml,dependencies,,open-radio-vendor-models-esp32s31,open-radio-vendor-models-esp32s31,verification/vendor/targets/esp32s31/blobray-provider/models/Cargo.toml,,,,False
blobray-esp32s31,verification/vendor/targets/esp32s31/blobray-host/Cargo.toml,dependencies,,serde_json,serde_json,,=1.0.151,,,False
blobray-esp32s31,verification/vendor/targets/esp32s31/blobray-host/Cargo.toml,dev-dependencies,,toml_edit,toml_edit,,=0.25.13,,,False
open-radio-vendor-harness-esp32s31,verification/vendor/targets/esp32s31/blobray-provider/contracts/Cargo.toml,dependencies,,open-radio-vendor-contracts,open-radio-vendor-contracts,tools/blobray/crates/contracts/Cargo.toml,,,,False
open-radio-vendor-harness-esp32s31,verification/vendor/targets/esp32s31/blobray-provider/contracts/Cargo.toml,dependencies,,open-radio-vendor-chip-contracts-esp32s31-rev0,open-radio-vendor-chip-contracts-esp32s31-rev0,verification/vendor/chips/esp32s31/blobray-provider/contracts/Cargo.toml,,,,False
open-radio-vendor-knowledge-esp32s31,verification/vendor/targets/esp32s31/blobray-provider/knowledge/Cargo.toml,dependencies,,open-radio-vendor-backend-riscv,open-radio-vendor-backend-riscv,tools/blobray/crates/backend-riscv/Cargo.toml,,,,False
open-radio-vendor-knowledge-esp32s31,verification/vendor/targets/esp32s31/blobray-provider/knowledge/Cargo.toml,dependencies,,open-radio-vendor-harness-esp32s31,open-radio-vendor-harness-esp32s31,verification/vendor/targets/esp32s31/blobray-provider/contracts/Cargo.toml,,,,False
open-radio-vendor-knowledge-esp32s31,verification/vendor/targets/esp32s31/blobray-provider/knowledge/Cargo.toml,dependencies,,open-radio-vendor-semantics,open-radio-vendor-semantics,tools/blobray/crates/semantics/Cargo.toml,,,,False
open-radio-vendor-models-esp32s31,verification/vendor/targets/esp32s31/blobray-provider/models/Cargo.toml,dependencies,,open-radio-vendor-knowledge-esp32s31,open-radio-vendor-knowledge-esp32s31,verification/vendor/targets/esp32s31/blobray-provider/knowledge/Cargo.toml,,,,False
open-radio-vendor-models-esp32s31,verification/vendor/targets/esp32s31/blobray-provider/models/Cargo.toml,dependencies,,sha2,sha2,,=0.10.9,,,False
open-radio-vendor-models-esp32s31,verification/vendor/targets/esp32s31/blobray-provider/models/Cargo.toml,dependencies,,open-radio-vendor-backend-riscv,open-radio-vendor-backend-riscv,tools/blobray/crates/backend-riscv/Cargo.toml,,,,False
open-radio-vendor-models-esp32s31,verification/vendor/targets/esp32s31/blobray-provider/models/Cargo.toml,dependencies,,open-radio-vendor-chip-models-esp32s31-rev0,open-radio-vendor-chip-models-esp32s31-rev0,verification/vendor/chips/esp32s31/blobray-provider/models/Cargo.toml,,,,False
open-radio-vendor-models-esp32s31,verification/vendor/targets/esp32s31/blobray-provider/models/Cargo.toml,dependencies,,open-radio-vendor-execution-model,open-radio-vendor-execution-model,tools/blobray/crates/execution-model/Cargo.toml,,,,False
open-radio-vendor-models-esp32s31,verification/vendor/targets/esp32s31/blobray-provider/models/Cargo.toml,dependencies,,open-radio-vendor-harness-esp32s31,open-radio-vendor-harness-esp32s31,verification/vendor/targets/esp32s31/blobray-provider/contracts/Cargo.toml,,,,False
open-radio-vendor-models-esp32s31,verification/vendor/targets/esp32s31/blobray-provider/models/Cargo.toml,dependencies,,open-radio-vendor-semantics,open-radio-vendor-semantics,tools/blobray/crates/semantics/Cargo.toml,,,,False
open-esp-radio-verification-esp32s31-bluetooth-probes-elf,verification/vendor/targets/esp32s31/probes/bluetooth-elf/Cargo.toml,dependencies,,critical-section,critical-section,,1.2.0,,,False
open-esp-radio-verification-esp32s31-bluetooth-probes-elf,verification/vendor/targets/esp32s31/probes/bluetooth-elf/Cargo.toml,dependencies,,open-esp-radio-verification-esp32s31-bluetooth-probes,open-esp-radio-verification-esp32s31-bluetooth-probes,verification/vendor/targets/esp32s31/probes/bluetooth-library/Cargo.toml,,,,False
open-esp-radio-verification-esp32s31-bluetooth-probes,verification/vendor/targets/esp32s31/probes/bluetooth-library/Cargo.toml,dependencies,,open-esp-radio-esp32s31-bluetooth,open-esp-radio-esp32s31-bluetooth,,,,,False
open-esp-radio-verification-esp32s31-bluetooth-probes,verification/vendor/targets/esp32s31/probes/bluetooth-library/Cargo.toml,dependencies,,open-esp-radio-esp32s31-phy,open-esp-radio-esp32s31-phy,,,,,False
open-esp-radio-verification-esp32s31-probes-elf,verification/vendor/targets/esp32s31/probes/elf/Cargo.toml,dependencies,,open-esp-radio-verification-esp32s31-probes,open-esp-radio-verification-esp32s31-probes,verification/vendor/targets/esp32s31/probes/library/Cargo.toml,,,,False
open-esp-radio-verification-esp32s31-probes,verification/vendor/targets/esp32s31/probes/library/Cargo.toml,dependencies,,embassy-futures,embassy-futures,,,,,False
open-esp-radio-verification-esp32s31-probes,verification/vendor/targets/esp32s31/probes/library/Cargo.toml,dependencies,,embassy-sync,embassy-sync,,,,,False
open-esp-radio-verification-esp32s31-probes,verification/vendor/targets/esp32s31/probes/library/Cargo.toml,dependencies,,esp-hal,esp-hal,,,https://github.com/ermacv/esp-hal,81cd5c341f71f9d070b5d2b115d3ab2c7595a4df,False
open-esp-radio-verification-esp32s31-probes,verification/vendor/targets/esp32s31/probes/library/Cargo.toml,dependencies,,open-esp-radio-esp32s31-coex,open-esp-radio-esp32s31-coex,,,,,False
open-esp-radio-verification-esp32s31-probes,verification/vendor/targets/esp32s31/probes/library/Cargo.toml,dependencies,,open-esp-radio-dma,open-esp-radio-dma,,,,,False
open-esp-radio-verification-esp32s31-probes,verification/vendor/targets/esp32s31/probes/library/Cargo.toml,dependencies,,open-esp-radio-esp32s31-hal,open-esp-radio-esp32s31-hal,,,,,False
open-esp-radio-verification-esp32s31-probes,verification/vendor/targets/esp32s31/probes/library/Cargo.toml,dependencies,,open-esp-radio-esp32s31-pac,open-esp-radio-esp32s31-pac,,,,,False
open-esp-radio-verification-esp32s31-probes,verification/vendor/targets/esp32s31/probes/library/Cargo.toml,dependencies,,open-esp-radio-esp32s31-phy,open-esp-radio-esp32s31-phy,,,,,False
open-esp-radio-verification-esp32s31-probes,verification/vendor/targets/esp32s31/probes/library/Cargo.toml,dependencies,,open-esp-radio-esp32s31-wifi-mac,open-esp-radio-esp32s31-wifi-mac,,,,,False
open-esp-radio-verification-esp32s31-probes,verification/vendor/targets/esp32s31/probes/library/Cargo.toml,dependencies,,open-esp-radio-esp32s31-wifi,open-esp-radio-esp32s31-wifi,,,,,False
open-esp-radio-verification-esp32s31-probes,verification/vendor/targets/esp32s31/probes/library/Cargo.toml,dependencies,,open-esp-radio-esp32s31-wifi-dma,open-esp-radio-esp32s31-wifi-dma,,,,,False
open-esp-radio-verification-esp32s31-probes,verification/vendor/targets/esp32s31/probes/library/Cargo.toml,dependencies,,open-esp-radio-esp32s31-wifi-embassy,open-esp-radio-esp32s31-wifi-embassy,,,,,False
open-esp-radio-verification-esp32s31-probes,verification/vendor/targets/esp32s31/probes/library/Cargo.toml,dependencies,,open-esp-radio-wifi-softmac,open-esp-radio-wifi-softmac,,,,,False
open-esp-radio-verification-esp32s31-probes,verification/vendor/targets/esp32s31/probes/library/Cargo.toml,dependencies,,open-esp-radio-esp32s31-wifi-esp-hal,open-esp-radio-esp32s31-wifi-esp-hal,driver/adapters/esp-hal/esp32s31/ieee80211/Cargo.toml,,,,False
open-esp-radio-verification-esp32s31-register-probes-elf,verification/vendor/targets/esp32s31/probes/register-elf/Cargo.toml,dependencies,,open-esp-radio-verification-esp32s31-register-probes,open-esp-radio-verification-esp32s31-register-probes,verification/vendor/targets/esp32s31/probes/register-library/Cargo.toml,,,,False
open-esp-radio-verification-esp32s31-register-probes,verification/vendor/targets/esp32s31/probes/register-library/Cargo.toml,dependencies,,open-esp-radio-esp32s31-hal,open-esp-radio-esp32s31-hal,,,,,False
