crate_root,kind,target,alias,package,local_path,optional,git,rev
driver/adapters/embassy-net-compat,dependencies,,embassy-net-driver,embassy-net-driver,,false,,
driver/adapters/embassy-net-compat,dependencies,,embassy-sync,embassy-sync,,false,,
driver/adapters/embassy-net-compat,dependencies,,open-esp-radio-network,open-esp-radio-network,driver/common/network,false,,
driver/adapters/embassy-net-compat,dev-dependencies,,critical-section,critical-section,,false,,
driver/adapters/embassy-net,dependencies,,owned-embassy-net-driver,embassy-net-driver,,false,https://github.com/ermacv/embassy.git,244b4a3b80cb2f8a02f17b698f0ef4614e5fc01d
driver/adapters/embassy-net,dependencies,,embassy-sync,embassy-sync,,false,,
driver/adapters/embassy-net,dependencies,,open-esp-radio-network,open-esp-radio-network,driver/common/network,false,,
driver/adapters/embassy-net,dependencies,,open-esp-radio-wifi-datapath,open-esp-radio-wifi-datapath,driver/wifi/datapath,false,,
driver/adapters/embassy-net,dependencies,,xarxa-driver,xarxa-driver,,false,https://github.com/ermacv/xarxa.git,122e97146fc0a174ef3310f4526defc37663bed4
driver/adapters/embassy-net,dev-dependencies,,critical-section,critical-section,,false,,
driver/adapters/embassy-net,dev-dependencies,,owned-embassy-net,embassy-net,,false,https://github.com/ermacv/embassy.git,244b4a3b80cb2f8a02f17b698f0ef4614e5fc01d
driver/adapters/embassy/esp32s31-bluetooth,dependencies,,embassy-futures,embassy-futures,,false,,
driver/adapters/embassy/esp32s31-bluetooth,dependencies,,embassy-sync,embassy-sync,,false,,
driver/adapters/embassy/esp32s31-bluetooth,dependencies,,embassy-time,embassy-time,,false,,
driver/adapters/embassy/esp32s31-bluetooth,dependencies,,open-esp-radio-bluetooth-hci,open-esp-radio-bluetooth-hci,driver/bluetooth/hci,false,,
driver/adapters/embassy/esp32s31-bluetooth,dependencies,,open-esp-radio-bluetooth-ll,open-esp-radio-bluetooth-ll,driver/bluetooth/ll,false,,
driver/adapters/embassy/esp32s31-bluetooth,dependencies,,open-esp-radio-esp32s31-bluetooth,open-esp-radio-esp32s31-bluetooth,driver/chips/esp32s31/bluetooth,false,,
driver/adapters/embassy/esp32s31-bluetooth,dev-dependencies,,bt-hci,bt-hci,,false,,
driver/adapters/embassy/esp32s31-coex,dependencies,,embassy-sync,embassy-sync,,false,,
driver/adapters/embassy/esp32s31-coex,dependencies,,open-esp-radio-esp32s31-coex,open-esp-radio-esp32s31-coex,driver/chips/esp32s31/coex,false,,
driver/adapters/embassy/esp32s31-coex,dev-dependencies,,embassy-futures,embassy-futures,,false,,
driver/adapters/embassy/esp32s31-ieee802154,dependencies,,embassy-sync,embassy-sync,,false,,
driver/adapters/embassy/esp32s31-ieee802154,dependencies,,open-esp-radio-esp32s31-ieee802154-dma,open-esp-radio-esp32s31-ieee802154-dma,driver/chips/esp32s31/ieee802154/dma,false,,
driver/adapters/embassy/esp32s31-ieee802154,dependencies,,open-esp-radio-esp32s31-ieee802154-irq,open-esp-radio-esp32s31-ieee802154-irq,driver/chips/esp32s31/ieee802154/irq,false,,
driver/adapters/embassy/esp32s31-ieee802154,dependencies,,open-esp-radio-esp32s31-ieee802154-mac,open-esp-radio-esp32s31-ieee802154-mac,driver/chips/esp32s31/ieee802154/mac,false,,
driver/adapters/embassy/esp32s31-ieee802154,dependencies,,open-esp-radio-esp32s31-ieee802154-runtime,open-esp-radio-esp32s31-ieee802154-runtime,driver/chips/esp32s31/ieee802154/runtime,false,,
driver/adapters/embassy/esp32s31-ieee802154,dev-dependencies,,embassy-futures,embassy-futures,,false,,
driver/adapters/embassy/esp32s31-ieee802154,dev-dependencies,,open-esp-radio-esp32s31-ieee802154-irq,open-esp-radio-esp32s31-ieee802154-irq,driver/chips/esp32s31/ieee802154/irq,false,,
driver/adapters/embassy/esp32s31-ieee802154,dev-dependencies,,open-esp-radio-esp32s31-ieee802154-runtime,open-esp-radio-esp32s31-ieee802154-runtime,driver/chips/esp32s31/ieee802154/runtime,false,,
driver/adapters/embassy/esp32s31-platform,dependencies,,embassy-executor,embassy-executor,,true,,
driver/adapters/embassy/esp32s31-platform,dependencies,,embassy-time-driver,embassy-time-driver,,true,,
driver/adapters/embassy/esp32s31-platform,dependencies,,embassy-time-queue-utils,embassy-time-queue-utils,,true,,
driver/adapters/embassy/esp32s31-platform,dependencies,,esp-hal,esp-hal,,true,https://github.com/ermacv/esp-hal,81cd5c341f71f9d070b5d2b115d3ab2c7595a4df
driver/adapters/embassy/esp32s31-platform,dependencies,,esp-sync,esp-sync,,true,https://github.com/ermacv/esp-hal,81cd5c341f71f9d070b5d2b115d3ab2c7595a4df
driver/adapters/embassy/esp32s31-platform,dependencies,,portable-atomic,portable-atomic,,true,,
driver/adapters/embassy/esp32s31-platform,dependencies,"cfg(target_arch = ""riscv32"")",riscv,riscv,,true,,
driver/adapters/embassy/esp32s31-wifi-compat,dependencies,,embassy-futures,embassy-futures,,false,,
driver/adapters/embassy/esp32s31-wifi-compat,dependencies,,embassy-sync,embassy-sync,,false,,
driver/adapters/embassy/esp32s31-wifi-compat,dependencies,,open-esp-radio-embassy-net-compat,open-esp-radio-embassy-net-compat,driver/adapters/embassy-net-compat,false,,
driver/adapters/embassy/esp32s31-wifi-compat,dependencies,,open-esp-radio-esp32s31-wifi-embassy,open-esp-radio-esp32s31-wifi-embassy,driver/adapters/embassy/esp32s31-wifi,false,,
driver/adapters/embassy/esp32s31-wifi-compat,dependencies,,open-esp-radio-network,open-esp-radio-network,driver/common/network,false,,
driver/adapters/embassy/esp32s31-wifi-compat,dependencies,,open-esp-radio-wifi-embassy,open-esp-radio-wifi-embassy,driver/adapters/embassy/wifi,false,,
driver/adapters/embassy/esp32s31-wifi-compat,dev-dependencies,,critical-section,critical-section,,false,,
driver/adapters/embassy/esp32s31-wifi,dependencies,,embassy-futures,embassy-futures,,false,,
driver/adapters/embassy/esp32s31-wifi,dependencies,,embassy-sync,embassy-sync,,false,,
driver/adapters/embassy/esp32s31-wifi,dependencies,,embassy-time,embassy-time,,false,,
driver/adapters/embassy/esp32s31-wifi,dependencies,,open-esp-radio-embassy-net,open-esp-radio-embassy-net,driver/adapters/embassy-net,true,,
driver/adapters/embassy/esp32s31-wifi,dependencies,,open-esp-radio-dma,open-esp-radio-dma,driver/common/dma,false,,
driver/adapters/embassy/esp32s31-wifi,dependencies,,open-esp-radio-network,open-esp-radio-network,driver/common/network,false,,
driver/adapters/embassy/esp32s31-wifi,dependencies,,open-esp-radio-esp32s31-hal,open-esp-radio-esp32s31-hal,driver/chips/esp32s31/hal,false,,
driver/adapters/embassy/esp32s31-wifi,dependencies,,open-esp-radio-esp32s31-phy,open-esp-radio-esp32s31-phy,driver/chips/esp32s31/phy,false,,
driver/adapters/embassy/esp32s31-wifi,dependencies,,open-esp-radio-esp32s31-wifi,open-esp-radio-esp32s31-wifi,driver/chips/esp32s31/wifi,false,,
driver/adapters/embassy/esp32s31-wifi,dependencies,,open-esp-radio-esp32s31-wifi-dma,open-esp-radio-esp32s31-wifi-dma,driver/chips/esp32s31/wifi/dma,false,,
driver/adapters/embassy/esp32s31-wifi,dependencies,,open-esp-radio-esp32s31-wifi-mac,open-esp-radio-esp32s31-wifi-mac,driver/chips/esp32s31/wifi/mac,false,,
driver/adapters/embassy/esp32s31-wifi,dependencies,,open-esp-radio-esp32s31-wifi-ap,open-esp-radio-esp32s31-wifi-ap,driver/chips/esp32s31/wifi/ap,false,,
driver/adapters/embassy/esp32s31-wifi,dependencies,,open-esp-radio-esp32s31-wifi-sta,open-esp-radio-esp32s31-wifi-sta,driver/chips/esp32s31/wifi/sta,false,,
driver/adapters/embassy/esp32s31-wifi,dependencies,,open-esp-radio-ieee80211,open-esp-radio-ieee80211,driver/wifi/ieee80211,false,,
driver/adapters/embassy/esp32s31-wifi,dependencies,,open-esp-radio-wifi-softmac,open-esp-radio-wifi-softmac,driver/wifi/softmac,false,,
driver/adapters/embassy/esp32s31-wifi,dependencies,,open-esp-radio-wifi-datapath,open-esp-radio-wifi-datapath,driver/wifi/datapath,false,,
driver/adapters/embassy/esp32s31-wifi,dependencies,,open-esp-radio-wifi-sta,open-esp-radio-wifi-sta,driver/wifi/sta,false,,
driver/adapters/embassy/esp32s31-wifi,dependencies,,open-esp-radio-wpa2,open-esp-radio-wpa2,driver/wifi/wpa2,false,,
driver/adapters/embassy/esp32s31-wifi,dependencies,,open-esp-radio-wifi-embassy,open-esp-radio-wifi-embassy,driver/adapters/embassy/wifi,false,,
driver/adapters/embassy/esp32s31-wifi,dependencies,,static_cell,static_cell,,false,,
driver/adapters/embassy/esp32s31-wifi,dependencies,,log,log,,true,,
driver/adapters/embassy/esp32s31-wifi,dev-dependencies,,open-esp-radio-research-datapath,open-esp-radio-research-datapath,driver/adapters/research,false,,
driver/adapters/embassy/esp32s31-wifi,dev-dependencies,,critical-section,critical-section,,false,,
driver/adapters/embassy/esp32s31-wifi,dev-dependencies,,embassy-time,embassy-time,,false,,
driver/adapters/embassy/esp32s31-wifi,dev-dependencies,,open-esp-radio-esp32s31-hal,open-esp-radio-esp32s31-hal,driver/chips/esp32s31/hal,false,,
driver/adapters/embassy/esp32s31-wifi,dev-dependencies,,open-esp-radio-esp32s31-wifi-ap,open-esp-radio-esp32s31-wifi-ap,driver/chips/esp32s31/wifi/ap,false,,
driver/adapters/embassy/esp32s31-wifi,dev-dependencies,,xarxa-driver,xarxa-driver,,false,https://github.com/ermacv/xarxa.git,122e97146fc0a174ef3310f4526defc37663bed4
driver/adapters/embassy/esp32s31-wifi,dependencies,"cfg(target_arch = ""riscv32"")",riscv,riscv,,true,,
driver/adapters/embassy/wifi,dependencies,,embassy-sync,embassy-sync,,false,,
driver/adapters/embassy/wifi,dependencies,,embassy-time,embassy-time,,false,,
driver/adapters/embassy/wifi,dependencies,,open-esp-radio-dma,open-esp-radio-dma,driver/common/dma,false,,
driver/adapters/embassy/wifi,dependencies,,open-esp-radio-wifi-softmac,open-esp-radio-wifi-softmac,driver/wifi/softmac,false,,
driver/adapters/embassy/wifi,dev-dependencies,,critical-section,critical-section,,false,,
driver/adapters/embassy/wifi,dev-dependencies,,embassy-futures,embassy-futures,,false,,
driver/adapters/embassy/wifi,dev-dependencies,,embassy-time,embassy-time,,false,,
driver/adapters/esp-hal/esp32s31-ieee802154,dependencies,,critical-section,critical-section,,true,,
driver/adapters/esp-hal/esp32s31-ieee802154,dependencies,,esp-hal,esp-hal,,true,https://github.com/ermacv/esp-hal,81cd5c341f71f9d070b5d2b115d3ab2c7595a4df
driver/adapters/esp-hal/esp32s31-ieee802154,dependencies,,open-esp-radio-esp32s31-ieee802154-irq,open-esp-radio-esp32s31-ieee802154-irq,driver/chips/esp32s31/ieee802154/irq,true,,
driver/adapters/esp-hal/esp32s31-ieee802154,dependencies,,open-esp-radio-esp32s31-ieee802154-runtime,open-esp-radio-esp32s31-ieee802154-runtime,driver/chips/esp32s31/ieee802154/runtime,true,,
driver/adapters/esp-hal/esp32s31-ieee802154,dependencies,,open-esp-radio-esp32s31-pac,open-esp-radio-esp32s31-pac,driver/chips/esp32s31/pac,true,,
driver/adapters/esp-hal/esp32s31-radio-platform,dependencies,,critical-section,critical-section,,false,,
driver/adapters/esp-hal/esp32s31-radio-platform,dependencies,,esp-hal,esp-hal,,true,https://github.com/ermacv/esp-hal,81cd5c341f71f9d070b5d2b115d3ab2c7595a4df
driver/adapters/esp-hal/esp32s31-radio-platform,dependencies,,open-esp-radio-bluetooth-hci,open-esp-radio-bluetooth-hci,driver/bluetooth/hci,false,,
driver/adapters/esp-hal/esp32s31-radio-platform,dependencies,,open-esp-radio-esp32s31-bluetooth,open-esp-radio-esp32s31-bluetooth,driver/chips/esp32s31/bluetooth,false,,
driver/adapters/esp-hal/esp32s31-radio-platform,dependencies,,open-esp-radio-esp32s31-hal,open-esp-radio-esp32s31-hal,driver/chips/esp32s31/hal,false,,
driver/adapters/esp-hal/esp32s31-radio-platform,dependencies,,open-esp-radio-esp32s31-phy,open-esp-radio-esp32s31-phy,driver/chips/esp32s31/phy,false,,
driver/adapters/esp-hal/esp32s31-radio-platform,dev-dependencies,,critical-section,critical-section,,false,,
driver/adapters/esp-hal/esp32s31-wifi,dependencies,,esp-hal,esp-hal,,true,https://github.com/ermacv/esp-hal,81cd5c341f71f9d070b5d2b115d3ab2c7595a4df
driver/adapters/esp-hal/esp32s31-wifi,dependencies,,open-esp-radio-esp32s31-coex,open-esp-radio-esp32s31-coex,driver/chips/esp32s31/coex,true,,
driver/adapters/esp-hal/esp32s31-wifi,dependencies,,open-esp-radio-esp32s31-hal,open-esp-radio-esp32s31-hal,driver/chips/esp32s31/hal,true,,
driver/adapters/esp-hal/esp32s31-wifi,dependencies,,open-esp-radio-esp32s31-phy,open-esp-radio-esp32s31-phy,driver/chips/esp32s31/phy,true,,
driver/adapters/esp-hal/esp32s31-wifi,dependencies,,open-esp-radio-esp32s31-wifi,open-esp-radio-esp32s31-wifi,driver/chips/esp32s31/wifi,true,,
driver/adapters/esp-hal/esp32s31-wifi,dependencies,,open-esp-radio-esp32s31-wifi-mac,open-esp-radio-esp32s31-wifi-mac,driver/chips/esp32s31/wifi/mac,true,,
driver/adapters/esp-hal/esp32s31-wifi,dependencies,,critical-section,critical-section,,true,,
driver/adapters/research,dependencies,,open-esp-radio-dma,open-esp-radio-dma,driver/common/dma,false,,
driver/adapters/research,dependencies,,open-esp-radio-network,open-esp-radio-network,driver/common/network,false,,
driver/adapters/research,dependencies,,open-esp-radio-wifi-datapath,open-esp-radio-wifi-datapath,driver/wifi/datapath,false,,
driver/bluetooth/hci,dependencies,,bt-hci,bt-hci,,false,,
driver/bluetooth/hci,dependencies,,embassy-sync,embassy-sync,,false,,
driver/bluetooth/hci,dependencies,,embedded-io,embedded-io,,false,,
driver/bluetooth/hci,dev-dependencies,,critical-section,critical-section,,false,,
driver/bluetooth/hci,dev-dependencies,,embassy-futures,embassy-futures,,false,,
driver/bluetooth/hci,dev-dependencies,,embedded-io-async,embedded-io-async,,false,,
driver/bluetooth/hci,dev-dependencies,,trouble-host,trouble-host,,false,,
driver/chips/esp32s31/bluetooth,dependencies,,critical-section,critical-section,,false,,
driver/chips/esp32s31/bluetooth,dependencies,,embassy-sync,embassy-sync,,false,,
driver/chips/esp32s31/bluetooth,dependencies,,open-esp-radio-bluetooth-hci,open-esp-radio-bluetooth-hci,driver/bluetooth/hci,false,,
driver/chips/esp32s31/bluetooth,dependencies,,open-esp-radio-bluetooth-ll,open-esp-radio-bluetooth-ll,driver/bluetooth/ll,false,,
driver/chips/esp32s31/bluetooth,dependencies,,open-esp-radio-esp32s31-hal,open-esp-radio-esp32s31-hal,driver/chips/esp32s31/hal,false,,
driver/chips/esp32s31/bluetooth,dependencies,,open-esp-radio-esp32s31-bluetooth-memory,open-esp-radio-esp32s31-bluetooth-memory,driver/chips/esp32s31/bluetooth/memory,false,,
driver/chips/esp32s31/bluetooth,dependencies,,open-esp-radio-esp32s31-pac,open-esp-radio-esp32s31-pac,driver/chips/esp32s31/pac,false,,
driver/chips/esp32s31/bluetooth,dependencies,,open-esp-radio-esp32s31-phy,open-esp-radio-esp32s31-phy,driver/chips/esp32s31/phy,false,,
driver/chips/esp32s31/bluetooth,dev-dependencies,,critical-section,critical-section,,false,,
driver/chips/esp32s31/bluetooth,dev-dependencies,,embassy-futures,embassy-futures,,false,,
driver/chips/esp32s31/bluetooth,dev-dependencies,,open-esp-radio-esp32s31-hal,open-esp-radio-esp32s31-hal,driver/chips/esp32s31/hal,false,,
driver/chips/esp32s31/bluetooth,dev-dependencies,,open-esp-radio-esp32s31-pac,open-esp-radio-esp32s31-pac,driver/chips/esp32s31/pac,false,,
driver/chips/esp32s31/bluetooth/memory,dependencies,,open-esp-radio-esp32s31-hal,open-esp-radio-esp32s31-hal,driver/chips/esp32s31/hal,false,,
driver/chips/esp32s31/bluetooth/memory,dependencies,,pin-project,pin-project,,false,,
driver/chips/esp32s31/bluetooth/memory,dependencies,,vcell,vcell,,false,,
driver/chips/esp32s31/bluetooth/memory,dev-dependencies,,open-esp-radio-esp32s31-hal,open-esp-radio-esp32s31-hal,driver/chips/esp32s31/hal,false,,
driver/chips/esp32s31/hal,dependencies,,open-esp-radio-dma,open-esp-radio-dma,driver/common/dma,false,,
driver/chips/esp32s31/hal,dependencies,,open-esp-radio-esp32s31-coex,open-esp-radio-esp32s31-coex,driver/chips/esp32s31/coex,false,,
driver/chips/esp32s31/hal,dependencies,,open-esp-radio-esp32s31-ieee802154-irq,open-esp-radio-esp32s31-ieee802154-irq,driver/chips/esp32s31/ieee802154/irq,false,,
driver/chips/esp32s31/hal,dependencies,,open-esp-radio-esp32s31-pac,open-esp-radio-esp32s31-pac,driver/chips/esp32s31/pac,false,,
driver/chips/esp32s31/hal,dev-dependencies,,critical-section,critical-section,,false,,
driver/chips/esp32s31/hal,dev-dependencies,,open-esp-radio-esp32s31-ieee802154-irq,open-esp-radio-esp32s31-ieee802154-irq,driver/chips/esp32s31/ieee802154/irq,false,,
driver/chips/esp32s31/hal,dev-dependencies,,open-esp-radio-esp32s31-pac,open-esp-radio-esp32s31-pac,driver/chips/esp32s31/pac,false,,
driver/chips/esp32s31/ieee802154/irq,dependencies,,open-esp-radio-esp32s31-pac,open-esp-radio-esp32s31-pac,driver/chips/esp32s31/pac,false,,
driver/chips/esp32s31/ieee802154/mac,dependencies,,open-esp-radio-esp32s31-ieee802154-dma,open-esp-radio-esp32s31-ieee802154-dma,driver/chips/esp32s31/ieee802154/dma,false,,
driver/chips/esp32s31/ieee802154/mac,dependencies,,open-esp-radio-esp32s31-ieee802154-irq,open-esp-radio-esp32s31-ieee802154-irq,driver/chips/esp32s31/ieee802154/irq,false,,
driver/chips/esp32s31/ieee802154/runtime,dependencies,,open-esp-radio-esp32s31-ieee802154-dma,open-esp-radio-esp32s31-ieee802154-dma,driver/chips/esp32s31/ieee802154/dma,false,,
driver/chips/esp32s31/ieee802154/runtime,dependencies,,open-esp-radio-esp32s31-ieee802154-irq,open-esp-radio-esp32s31-ieee802154-irq,driver/chips/esp32s31/ieee802154/irq,false,,
driver/chips/esp32s31/ieee802154/runtime,dependencies,,open-esp-radio-esp32s31-ieee802154-mac,open-esp-radio-esp32s31-ieee802154-mac,driver/chips/esp32s31/ieee802154/mac,false,,
driver/chips/esp32s31/ieee802154/runtime,dependencies,,open-esp-radio-esp32s31-pac,open-esp-radio-esp32s31-pac,driver/chips/esp32s31/pac,false,,
driver/chips/esp32s31/ieee802154/runtime,dev-dependencies,,open-esp-radio-esp32s31-ieee802154-irq,open-esp-radio-esp32s31-ieee802154-irq,driver/chips/esp32s31/ieee802154/irq,false,,
driver/chips/esp32s31/pac-raw,dependencies,,critical-section,critical-section,,true,,
driver/chips/esp32s31/pac-raw,dependencies,,vcell,vcell,,false,,
driver/chips/esp32s31/pac,dependencies,,open-esp-radio-dma,open-esp-radio-dma,driver/common/dma,false,,
driver/chips/esp32s31/pac,dependencies,,open-esp-radio-esp32s31-pac-raw,open-esp-radio-esp32s31-pac-raw,driver/chips/esp32s31/pac-raw,false,,
driver/chips/esp32s31/pac,dev-dependencies,,open-esp-radio-esp32s31-pac-raw,open-esp-radio-esp32s31-pac-raw,driver/chips/esp32s31/pac-raw,false,,
driver/chips/esp32s31/phy,dependencies,,open-esp-radio-esp32s31-hal,open-esp-radio-esp32s31-hal,driver/chips/esp32s31/hal,false,,
driver/chips/esp32s31/phy,dev-dependencies,,open-esp-radio-esp32s31-hal,open-esp-radio-esp32s31-hal,driver/chips/esp32s31/hal,false,,
driver/chips/esp32s31/platform-pac,dependencies,,atomic-waker,atomic-waker,,true,,
driver/chips/esp32s31/platform-pac,dependencies,,critical-section,critical-section,,false,,
driver/chips/esp32s31/platform-pac,dependencies,,esp-hal,esp-hal,,true,https://github.com/ermacv/esp-hal,81cd5c341f71f9d070b5d2b115d3ab2c7595a4df
driver/chips/esp32s31/platform-pac,dev-dependencies,,critical-section,critical-section,,false,,
driver/chips/esp32s31/wifi,dependencies,,open-esp-radio-esp32s31-hal,open-esp-radio-esp32s31-hal,driver/chips/esp32s31/hal,false,,
driver/chips/esp32s31/wifi,dependencies,,open-esp-radio-esp32s31-phy,open-esp-radio-esp32s31-phy,driver/chips/esp32s31/phy,false,,
driver/chips/esp32s31/wifi,dependencies,,open-esp-radio-esp32s31-wifi-dma,open-esp-radio-esp32s31-wifi-dma,driver/chips/esp32s31/wifi/dma,false,,
driver/chips/esp32s31/wifi,dependencies,,open-esp-radio-esp32s31-wifi-mac,open-esp-radio-esp32s31-wifi-mac,driver/chips/esp32s31/wifi/mac,false,,
driver/chips/esp32s31/wifi,dependencies,,open-esp-radio-ieee80211,open-esp-radio-ieee80211,driver/wifi/ieee80211,false,,
driver/chips/esp32s31/wifi,dependencies,,open-esp-radio-wifi-softmac,open-esp-radio-wifi-softmac,driver/wifi/softmac,false,,
driver/chips/esp32s31/wifi,dependencies,"cfg(target_arch = ""riscv32"")",riscv,riscv,,true,,
driver/chips/esp32s31/wifi/ap,dependencies,,open-esp-radio-dma,open-esp-radio-dma,driver/common/dma,false,,
driver/chips/esp32s31/wifi/ap,dependencies,,open-esp-radio-esp32s31-hal,open-esp-radio-esp32s31-hal,driver/chips/esp32s31/hal,false,,
driver/chips/esp32s31/wifi/ap,dependencies,,open-esp-radio-esp32s31-phy,open-esp-radio-esp32s31-phy,driver/chips/esp32s31/phy,false,,
driver/chips/esp32s31/wifi/ap,dependencies,,open-esp-radio-esp32s31-wifi,open-esp-radio-esp32s31-wifi,driver/chips/esp32s31/wifi,false,,
driver/chips/esp32s31/wifi/ap,dependencies,,open-esp-radio-esp32s31-wifi-mac,open-esp-radio-esp32s31-wifi-mac,driver/chips/esp32s31/wifi/mac,false,,
driver/chips/esp32s31/wifi/ap,dependencies,,open-esp-radio-ieee80211,open-esp-radio-ieee80211,driver/wifi/ieee80211,false,,
driver/chips/esp32s31/wifi/ap,dependencies,,open-esp-radio-wifi-ap,open-esp-radio-wifi-ap,driver/wifi/ap,false,,
driver/chips/esp32s31/wifi/ap,dependencies,,open-esp-radio-wifi-softmac,open-esp-radio-wifi-softmac,driver/wifi/softmac,false,,
driver/chips/esp32s31/wifi/ap,dependencies,,open-esp-radio-wpa2,open-esp-radio-wpa2,driver/wifi/wpa2,false,,
driver/chips/esp32s31/wifi/dma,dependencies,,open-esp-radio-dma,open-esp-radio-dma,driver/common/dma,false,,
driver/chips/esp32s31/wifi/dma,dependencies,,open-esp-radio-esp32s31-hal,open-esp-radio-esp32s31-hal,driver/chips/esp32s31/hal,false,,
driver/chips/esp32s31/wifi/dma,dependencies,,pin-project,pin-project,,false,,
driver/chips/esp32s31/wifi/dma,dependencies,,vcell,vcell,,false,,
driver/chips/esp32s31/wifi/mac,dependencies,,open-esp-radio-dma,open-esp-radio-dma,driver/common/dma,false,,
driver/chips/esp32s31/wifi/mac,dependencies,,open-esp-radio-esp32s31-hal,open-esp-radio-esp32s31-hal,driver/chips/esp32s31/hal,false,,
driver/chips/esp32s31/wifi/mac,dependencies,,open-esp-radio-esp32s31-wifi-dma,open-esp-radio-esp32s31-wifi-dma,driver/chips/esp32s31/wifi/dma,false,,
driver/chips/esp32s31/wifi/mac,dependencies,,open-esp-radio-ieee80211,open-esp-radio-ieee80211,driver/wifi/ieee80211,false,,
driver/chips/esp32s31/wifi/mac,dependencies,,open-esp-radio-wifi-softmac,open-esp-radio-wifi-softmac,driver/wifi/softmac,false,,
driver/chips/esp32s31/wifi/mac,dependencies,,pin-project,pin-project,,false,,
driver/chips/esp32s31/wifi/mac,dependencies,,subtle,subtle,,false,,
driver/chips/esp32s31/wifi/mac,dependencies,,zeroize,zeroize,,false,,
driver/chips/esp32s31/wifi/mac,dependencies,"cfg(target_arch = ""riscv32"")",riscv,riscv,,true,,
driver/chips/esp32s31/wifi/sta,dependencies,,critical-section,critical-section,,false,,
driver/chips/esp32s31/wifi/sta,dependencies,,open-esp-radio-esp32s31-hal,open-esp-radio-esp32s31-hal,driver/chips/esp32s31/hal,false,,
driver/chips/esp32s31/wifi/sta,dependencies,,open-esp-radio-esp32s31-phy,open-esp-radio-esp32s31-phy,driver/chips/esp32s31/phy,false,,
driver/chips/esp32s31/wifi/sta,dependencies,,open-esp-radio-esp32s31-wifi-mac,open-esp-radio-esp32s31-wifi-mac,driver/chips/esp32s31/wifi/mac,false,,
driver/chips/esp32s31/wifi/sta,dependencies,,open-esp-radio-esp32s31-wifi-dma,open-esp-radio-esp32s31-wifi-dma,driver/chips/esp32s31/wifi/dma,false,,
driver/chips/esp32s31/wifi/sta,dependencies,,open-esp-radio-esp32s31-wifi,open-esp-radio-esp32s31-wifi,driver/chips/esp32s31/wifi,false,,
driver/chips/esp32s31/wifi/sta,dependencies,,open-esp-radio-ieee80211,open-esp-radio-ieee80211,driver/wifi/ieee80211,false,,
driver/chips/esp32s31/wifi/sta,dependencies,,open-esp-radio-wifi-softmac,open-esp-radio-wifi-softmac,driver/wifi/softmac,false,,
driver/chips/esp32s31/wifi/sta,dependencies,,open-esp-radio-wpa2,open-esp-radio-wpa2,driver/wifi/wpa2,false,,
driver/chips/esp32s31/wifi/sta,dependencies,,open-esp-radio-wifi-sta,open-esp-radio-wifi-sta,driver/wifi/sta,false,,
driver/chips/esp32s31/wifi/sta,dependencies,,static_cell,static_cell,,false,,
driver/chips/esp32s31/wifi/sta,dev-dependencies,,critical-section,critical-section,,false,,
driver/chips/esp32s31/wifi/sta,dependencies,"cfg(target_arch = ""riscv32"")",riscv,riscv,,true,,
driver/integration/esp32s31/bluetooth,dependencies,,embassy-sync,embassy-sync,,false,,
driver/integration/esp32s31/bluetooth,dependencies,,open-esp-radio-esp32s31-bluetooth,open-esp-radio-esp32s31-bluetooth,driver/chips/esp32s31/bluetooth,false,,
driver/integration/esp32s31/bluetooth,dependencies,,open-esp-radio-esp32s31-bluetooth-memory,open-esp-radio-esp32s31-bluetooth-memory,driver/chips/esp32s31/bluetooth/memory,false,,
driver/integration/esp32s31/bluetooth,dependencies,,static_cell,static_cell,,false,,
driver/integration/esp32s31/bluetooth,dependencies,"cfg(target_arch = ""riscv32"")",bt-hci,bt-hci,,false,,
driver/integration/esp32s31/bluetooth,dependencies,"cfg(target_arch = ""riscv32"")",embassy-futures,embassy-futures,,false,,
driver/integration/esp32s31/bluetooth,dependencies,"cfg(target_arch = ""riscv32"")",embassy-time,embassy-time,,false,,
driver/integration/esp32s31/bluetooth,dependencies,"cfg(target_arch = ""riscv32"")",esp-hal,esp-hal,,false,https://github.com/ermacv/esp-hal,81cd5c341f71f9d070b5d2b115d3ab2c7595a4df
driver/integration/esp32s31/bluetooth,dependencies,"cfg(target_arch = ""riscv32"")",open-esp-radio-bluetooth-hci,open-esp-radio-bluetooth-hci,driver/bluetooth/hci,false,,
driver/integration/esp32s31/bluetooth,dependencies,"cfg(target_arch = ""riscv32"")",open-esp-radio-bluetooth-ll,open-esp-radio-bluetooth-ll,driver/bluetooth/ll,false,,
driver/integration/esp32s31/bluetooth,dependencies,"cfg(target_arch = ""riscv32"")",open-esp-radio-esp32s31-bluetooth-embassy,open-esp-radio-esp32s31-bluetooth-embassy,driver/adapters/embassy/esp32s31-bluetooth,false,,
driver/integration/esp32s31/bluetooth,dependencies,"cfg(target_arch = ""riscv32"")",open-esp-radio-esp32s31-phy,open-esp-radio-esp32s31-phy,driver/chips/esp32s31/phy,false,,
driver/integration/esp32s31/bluetooth,dependencies,"cfg(target_arch = ""riscv32"")",open-esp-radio-esp32s31-radio-platform-esp-hal,open-esp-radio-esp32s31-radio-platform-esp-hal,driver/adapters/esp-hal/esp32s31-radio-platform,false,,
driver/integration/esp32s31/embassy-wifi,dependencies,,embassy-executor,embassy-executor,,false,,
driver/integration/esp32s31/embassy-wifi,dependencies,,embassy-futures,embassy-futures,,false,,
driver/integration/esp32s31/embassy-wifi,dependencies,,embassy-net-owned,embassy-net,,true,https://github.com/ermacv/embassy.git,244b4a3b80cb2f8a02f17b698f0ef4614e5fc01d
driver/integration/esp32s31/embassy-wifi,dependencies,,embassy-net-compat,embassy-net,,true,,
driver/integration/esp32s31/embassy-wifi,dependencies,,embassy-sync,embassy-sync,,false,,
driver/integration/esp32s31/embassy-wifi,dependencies,,embassy-time,embassy-time,,false,,
driver/integration/esp32s31/embassy-wifi,dependencies,,esp-hal,esp-hal,,false,https://github.com/ermacv/esp-hal,81cd5c341f71f9d070b5d2b115d3ab2c7595a4df
driver/integration/esp32s31/embassy-wifi,dependencies,,log,log,,true,,
driver/integration/esp32s31/embassy-wifi,dependencies,,riscv,riscv,,true,,
driver/integration/esp32s31/embassy-wifi,dependencies,,open-esp-radio,open-esp-radio,driver/radio,false,,
driver/integration/esp32s31/embassy-wifi,dependencies,,open-esp-radio-esp32s31-wifi,open-esp-radio-esp32s31-wifi,driver/chips/esp32s31/wifi,false,,
driver/integration/esp32s31/embassy-wifi,dependencies,,open-esp-radio-esp32s31-hal,open-esp-radio-esp32s31-hal,driver/chips/esp32s31/hal,false,,
driver/integration/esp32s31/embassy-wifi,dependencies,,open-esp-radio-esp32s31-phy,open-esp-radio-esp32s31-phy,driver/chips/esp32s31/phy,false,,
driver/integration/esp32s31/embassy-wifi,dependencies,,open-esp-radio-esp32s31-platform-pac,open-esp-radio-esp32s31-platform-pac,driver/chips/esp32s31/platform-pac,true,,
driver/integration/esp32s31/embassy-wifi,dependencies,,open-esp-radio-esp32s31-wifi-ap,open-esp-radio-esp32s31-wifi-ap,driver/chips/esp32s31/wifi/ap,false,,
driver/integration/esp32s31/embassy-wifi,dependencies,,open-esp-radio-esp32s31-wifi-dma,open-esp-radio-esp32s31-wifi-dma,driver/chips/esp32s31/wifi/dma,false,,
driver/integration/esp32s31/embassy-wifi,dependencies,,open-esp-radio-esp32s31-wifi-mac,open-esp-radio-esp32s31-wifi-mac,driver/chips/esp32s31/wifi/mac,false,,
driver/integration/esp32s31/embassy-wifi,dependencies,,open-esp-radio-esp32s31-wifi-sta,open-esp-radio-esp32s31-wifi-sta,driver/chips/esp32s31/wifi/sta,false,,
driver/integration/esp32s31/embassy-wifi,dependencies,,open-esp-radio-embassy-net,open-esp-radio-embassy-net,driver/adapters/embassy-net,true,,
driver/integration/esp32s31/embassy-wifi,dependencies,,open-esp-radio-embassy-net-compat,open-esp-radio-embassy-net-compat,driver/adapters/embassy-net-compat,true,,
driver/integration/esp32s31/embassy-wifi,dependencies,,open-esp-radio-esp32s31-wifi-embassy,open-esp-radio-esp32s31-wifi-embassy,driver/adapters/embassy/esp32s31-wifi,false,,
driver/integration/esp32s31/embassy-wifi,dependencies,,open-esp-radio-esp32s31-wifi-embassy-compat,open-esp-radio-esp32s31-wifi-embassy-compat,driver/adapters/embassy/esp32s31-wifi-compat,true,,
driver/integration/esp32s31/embassy-wifi,dependencies,,open-esp-radio-esp32s31-wifi-esp-hal,open-esp-radio-esp32s31-wifi-esp-hal,driver/adapters/esp-hal/esp32s31-wifi,false,,
driver/integration/esp32s31/embassy-wifi,dependencies,,open-esp-radio-wifi-embassy,open-esp-radio-wifi-embassy,driver/adapters/embassy/wifi,false,,
driver/integration/esp32s31/embassy-wifi,dependencies,,open-esp-radio-ieee80211,open-esp-radio-ieee80211,driver/wifi/ieee80211,false,,
driver/integration/esp32s31/embassy-wifi,dependencies,,open-esp-radio-network,open-esp-radio-network,driver/common/network,false,,
driver/integration/esp32s31/embassy-wifi,dependencies,,open-esp-radio-wifi-ap,open-esp-radio-wifi-ap,driver/wifi/ap,false,,
driver/integration/esp32s31/embassy-wifi,dependencies,,open-esp-radio-wifi-softmac,open-esp-radio-wifi-softmac,driver/wifi/softmac,false,,
driver/integration/esp32s31/embassy-wifi,dependencies,,open-esp-radio-wifi-sta,open-esp-radio-wifi-sta,driver/wifi/sta,false,,
driver/integration/esp32s31/embassy-wifi,dependencies,,open-esp-radio-wpa2,open-esp-radio-wpa2,driver/wifi/wpa2,false,,
driver/integration/esp32s31/embassy-wifi,dependencies,,static_cell,static_cell,,false,,
driver/radio,dependencies,,embassy-futures,embassy-futures,,true,,
driver/radio,dependencies,,embassy-sync,embassy-sync,,true,,
driver/radio,dependencies,,open-esp-radio-ieee80211,open-esp-radio-ieee80211,driver/wifi/ieee80211,true,,
driver/radio,dependencies,,open-esp-radio-wifi-ap,open-esp-radio-wifi-ap,driver/wifi/ap,true,,
driver/radio,dependencies,,open-esp-radio-wifi-softmac,open-esp-radio-wifi-softmac,driver/wifi/softmac,true,,
driver/radio,dependencies,,open-esp-radio-wifi-sta,open-esp-radio-wifi-sta,driver/wifi/sta,true,,
driver/radio,dependencies,,open-esp-radio-wpa2,open-esp-radio-wpa2,driver/wifi/wpa2,true,,
driver/radio,dependencies,,open-esp-radio-wifi-embassy,open-esp-radio-wifi-embassy,driver/adapters/embassy/wifi,true,,
driver/wifi/ap,dependencies,,open-esp-radio-ieee80211,open-esp-radio-ieee80211,driver/wifi/ieee80211,false,,
driver/wifi/ap,dependencies,,open-esp-radio-wpa2,open-esp-radio-wpa2,driver/wifi/wpa2,false,,
driver/wifi/datapath,dependencies,,open-esp-radio-dma,open-esp-radio-dma,driver/common/dma,false,,
driver/wifi/datapath,dependencies,,open-esp-radio-network,open-esp-radio-network,driver/common/network,false,,
driver/wifi/softmac,dependencies,,open-esp-radio-ieee80211,open-esp-radio-ieee80211,driver/wifi/ieee80211,false,,
driver/wifi/softmac,dependencies,,zeroize,zeroize,,false,,
driver/wifi/sta,dependencies,,open-esp-radio-ieee80211,open-esp-radio-ieee80211,driver/wifi/ieee80211,false,,
driver/wifi/wpa2,dependencies,,aes,aes,,false,,
driver/wifi/wpa2,dependencies,,hmac,hmac,,false,,
driver/wifi/wpa2,dependencies,,pbkdf2,pbkdf2,,false,,
driver/wifi/wpa2,dependencies,,sha1,sha1,,false,,
driver/wifi/wpa2,dependencies,,zeroize,zeroize,,false,,
driver/wifi/wpa2,dev-dependencies,,embassy-futures,embassy-futures,,false,,
